Feature,Importance
env_var1,0.3
env_var6,0.21245077550976427
env_var5,0.2
env_var8,0.16289170457073804
env_var2,0.1
env_var7,0.024657519919497717
env_var3,0.0
env_var4,0.0
